"airlineId";"airlineName";"source";"destination";"deapatureTime";"arrivalTime";"ticketPrice";"flightNo";"departureTime"
1;"Air-India";"PUNE";"HYDERABAD";"15:15:00";"16:55:00";"3500";"9I-0562";""
2;"Air-India";"PUNE";"HYDERABAD";"21:20:00";"22:30:00";"4000";"9I-0868";""
3;"Indigo";"PUNE";"HYDERABAD";"04:20:00";"05:40:00";"4300";"6E-242";""
4;"Indigo";"PUNE";"HYDERABAD";"16:15:00";"17:30:00";"5000";"6E-587";""
5;"Indigo";"PUNE";"HYDERABAD";"23:45:00";"01:10:00";"2500";"6E-122";""
6;"Jetair";"PUNE";"HYDERABAD";"05:35:00";"06:50:00";"4200";"9W-173";""
7;"Jetair";"PUNE";"HYDERABAD";"18:50:00";"20:00:00";"5100";"9W-931";""
